Product ID,Product Name,Category,Sub-Category
FUR-BO-10001798,Bush Somerset Collection Bookcase,Furniture,Bookcases
FUR-CH-10000454,"Hon Deluxe Fabric Upholstered Stacking Chairs, Rounded Back",Furniture,Chairs
OFF-LA-10000240,Self-Adhesive Address Labels for Typewriters by Universal,Office Supplies,Labels
FUR-TA-10000577,Bretford CR4500 Series Slim Rectangular Table,Furniture,Tables
OFF-ST-10000760,Eldon Fold 'N Roll Cart System,Office Supplies,Storage
FUR-FU-10001487,"Eldon Expressions Wood and Plastic Desk Accessories, Cherry Wood",Furniture,Furnishings
OFF-AR-10002833,Newell 322,Office Supplies,Art
TEC-PH-10002275,Mitel 5320 IP Phone VoIP phone,Technology,Phones
OFF-BI-10003910,DXL Angle-View Binders with Locking Rings by Samsill,Office Supplies,Binders
OFF-AP-10002892,Belkin F5C206VTEL 6 Outlet Surge,Office Supplies,Appliances
FUR-TA-10001539,Chromcraft Rectangular Conference Tables,Furniture,Tables
TEC-PH-10002033,Konftel 250 Conference phone - Charcoal black,Technology,Phones
OFF-PA-10002365,Xerox 1967,Office Supplies,Paper
OFF-BI-10003656,Fellowes PB200 Plastic Comb Binding Machine,Office Supplies,Binders
OFF-AP-10002311,"Holmes Replacement Filter for HEPA Air Cleaner, Very Large Room, HEPA Filter",Office Supplies,Appliances
OFF-BI-10000756,Storex DuraTech Recycled Plastic Frosted Binders,Office Supplies,Binders
OFF-ST-10004186,"Stur-D-Stor Shelving, Vertical 5-Shelf: 72""H x 36""W x 18 1/2""D",Office Supplies,Storage
OFF-ST-10000107,Fellowes Super Stor/Drawer,Office Supplies,Storage
OFF-AR-10003056,Newell 341,Office Supplies,Art
TEC-PH-10001949,Cisco SPA 501G IP Phone,Technology,Phones
OFF-BI-10002215,"Wilson Jones Hanging View Binder, White, 1""",Office Supplies,Binders
OFF-AR-10000246,Newell 318,Office Supplies,Art
OFF-AP-10001492,"Acco Six-Outlet Power Strip, 4' Cord Length",Office Supplies,Appliances
FUR-CH-10002774,"Global Deluxe Stacking Chair, Gray",Furniture,Chairs
OFF-BI-10001634,Wilson Jones Active Use Binders,Office Supplies,Binders
TEC-AC-10003027,Imation 8GB Mini TravelDrive USB 2.0 Flash Drive,Technology,Accessories
FUR-BO-10004834,"Riverside Palais Royal Lawyers Bookcase, Royale Cherry Finish",Furniture,Bookcases
OFF-BI-10000474,Avery Recycled Flexi-View Covers for Binding Systems,Office Supplies,Binders
FUR-FU-10004848,"Howard Miller 13-3/4"" Diameter Brushed Chrome Round Wall Clock",Furniture,Furnishings
OFF-EN-10001509,Poly String Tie Envelopes,Office Supplies,Envelopes
OFF-AR-10004042,"BOSTON Model 1800 Electric Pencil Sharpeners, Putty/Woodgrain",Office Supplies,Art
OFF-BI-10001525,"Acco Pressboard Covers with Storage Hooks, 14 7/8"" x 11"", Executive Red",Office Supplies,Binders
OFF-AR-10001683,Lumber Crayons,Office Supplies,Art
OFF-PA-10000249,Easy-staple paper,Office Supplies,Paper
TEC-PH-10004977,GE 30524EE4,Technology,Phones
FUR-FU-10003664,"Electrix Architect's Clamp-On Swing Arm Lamp, Black",Furniture,Furnishings
OFF-EN-10002986,"#10-4 1/8"" x 9 1/2"" Premium Diagonal Seam Envelopes",Office Supplies,Envelopes
FUR-BO-10002545,"Atlantic Metals Mobile 3-Shelf Bookcases, Custom Colors",Furniture,Bookcases
FUR-CH-10004218,"Global Fabric Manager's Chair, Dark Gray",Furniture,Chairs
TEC-PH-10000486,Plantronics HL10 Handset Lifter,Technology,Phones
TEC-PH-10004093,Panasonic Kx-TS550,Technology,Phones
OFF-ST-10003479,"Eldon Base for stackable storage shelf, platinum",Office Supplies,Storage
OFF-ST-10003282,"Advantus 10-Drawer Portable Organizer, Chrome Metal Frame, Smoke Drawers",Office Supplies,Storage
TEC-AC-10000171,"Verbatim 25 GB 6x Blu-ray Single Layer Recordable Disc, 25/Pack",Technology,Accessories
OFF-BI-10003291,Wilson Jones Leather-Like Binders with DublLock Round Rings,Office Supplies,Binders
OFF-ST-10001713,"Gould Plastics 9-Pocket Panel Bin, 18-3/8w x 5-1/4d x 20-1/2h, Black",Office Supplies,Storage
TEC-AC-10002167,Imation 8gb Micro Traveldrive Usb 2.0 Flash Drive,Technology,Accessories
TEC-PH-10003988,"LF Elite 3D Dazzle Designer Hard Case Cover, Lf Stylus Pen and Wiper For Apple Iphone 5c Mini Lite",Technology,Phones
OFF-BI-10004410,"C-Line Peel & Stick Add-On Filing Pockets, 8-3/4 x 5-1/8, 10/Pack",Office Supplies,Binders
OFF-LA-10002762,Avery 485,Office Supplies,Labels
FUR-FU-10001706,Longer-Life Soft White Bulbs,Furniture,Furnishings
FUR-CH-10003061,"Global Leather Task Chair, Black",Furniture,Chairs
OFF-FA-10000304,Advantus Push Pins,Office Supplies,Fasteners
TEC-PH-10002447,AT&T CL83451 4-Handset Telephone,Technology,Phones
OFF-ST-10000604,Home/Office Personal File Carts,Office Supplies,Storage
OFF-PA-10001569,Xerox 232,Office Supplies,Paper
FUR-CH-10003968,Novimex Turbo Task Chair,Furniture,Chairs
OFF-PA-10000587,"Array Parchment Paper, Assorted Colors",Office Supplies,Paper
OFF-BI-10001460,Plastic Binding Combs,Office Supplies,Binders
OFF-AR-10001868,Prang Dustless Chalk Sticks,Office Supplies,Art
TEC-AC-10004633,"Verbatim 25 GB 6x Blu-ray Single Layer Recordable Disc, 3/Pack",Technology,Accessories
OFF-BI-10001078,"Acco PRESSTEX Data Binder with Storage Hooks, Dark Blue, 14 7/8"" X 11""",Office Supplies,Binders
OFF-PA-10003892,Xerox 1943,Office Supplies,Paper
FUR-FU-10000397,Luxo Economy Swing Arm Lamp,Furniture,Furnishings
FUR-CH-10001146,"Global Value Mid-Back Manager's Chair, Gray",Furniture,Chairs
OFF-AR-10002671,"Hunt BOSTON Model 1606 High-Volume Electric Pencil Sharpener, Beige",Office Supplies,Art
TEC-PH-10002726,netTALK DUO VoIP Telephone Service,Technology,Phones
OFF-PA-10000482,"Snap-A-Way Black Print Carbonless Ruled Speed Letter, Triplicate",Office Supplies,Paper
OFF-BI-10004654,Avery Binding System Hidden Tab Executive Style Index Sets,Office Supplies,Binders
OFF-PA-10004675,"Telephone Message Books with Fax/Mobile Section, 5 1/2"" x 3 3/16""",Office Supplies,Paper
FUR-CH-10000513,High-Back Leather Manager's Chair,Furniture,Chairs
FUR-FU-10003708,"Tenex Traditional Chairmats for Medium Pile Carpet, Standard Lip, 36"" x 48""",Furniture,Furnishings
OFF-ST-10004123,Safco Industrial Wire Shelving System,Office Supplies,Storage
OFF-BI-10004182,Economy Binders,Office Supplies,Binders
FUR-FU-10000260,"6"" Cubicle Wall Clock, Black",Furniture,Furnishings
OFF-ST-10000615,"SimpliFile Personal File, Black Granite, 15w x 6-15/16d x 11-1/4h",Office Supplies,Storage
FUR-FU-10003194,"Eldon Expressions Desk Accessory, Wood Pencil Holder, Oak",Furniture,Furnishings
OFF-AP-10002118,"1.7 Cubic Foot Compact ""Cube"" Office Refrigerators",Office Supplies,Appliances
OFF-BI-10002309,Avery Heavy-Duty EZD  Binder With Locking Rings,Office Supplies,Binders
OFF-AR-10002053,"Premium Writing Pencils, Soft, #2 by Central Association for the Blind",Office Supplies,Art
OFF-ST-10002370,"Sortfiler Multipurpose Personal File Organizer, Black",Office Supplies,Storage
OFF-EN-10000927,Jet-Pak Recycled Peel 'N' Seal Padded Mailers,Office Supplies,Envelopes
OFF-ST-10003656,Safco Industrial Wire Shelving,Office Supplies,Storage
FUR-CH-10000863,Novimex Swivel Fabric Task Chair,Furniture,Chairs
TEC-AC-10001998,Logitech LS21 Speaker System - PC Multimedia - 2.1-CH - Wired,Technology,Accessories
OFF-LA-10000134,Avery 511,Office Supplies,Labels
OFF-ST-10003442,Eldon Portable Mobile Manager,Office Supplies,Storage
OFF-AR-10004930,Turquoise Lead Holder with Pocket Clip,Office Supplies,Art
OFF-PA-10000304,Xerox 1995,Office Supplies,Paper
OFF-PA-10003177,Xerox 1999,Office Supplies,Paper
FUR-FU-10003799,"Seth Thomas 13 1/2"" Wall Clock",Furniture,Furnishings
OFF-BI-10002852,Ibico Standard Transparent Covers,Office Supplies,Binders
OFF-BI-10004738,Flexible Leather- Look Classic Collection Ring Binder,Office Supplies,Binders
FUR-FU-10000629,9-3/4 Diameter Round Wall Clock,Furniture,Furnishings
OFF-BI-10001721,Trimflex Flexible Post Binders,Office Supplies,Binders
OFF-AP-10000358,Fellowes Basic Home/Office Series Surge Protectors,Office Supplies,Appliances
OFF-PA-10003256,Avery Personal Creations Heavyweight Cards,Office Supplies,Paper
TEC-AC-10001767,SanDisk Ultra 64 GB MicroSDHC Class 10 Memory Card,Technology,Accessories
OFF-BI-10002609,Avery Hidden Tab Dividers for Binding Systems,Office Supplies,Binders
OFF-PA-10004040,Universal Premium White Copier/Laser Paper (20Lb. and 87 Bright),Office Supplies,Paper
TEC-AC-10001552,Logitech K350 2.4Ghz Wireless Keyboard,Technology,Accessories
FUR-FU-10004006,"Deflect-o DuraMat Lighweight, Studded, Beveled Mat for Low Pile Carpeting",Furniture,Furnishings
OFF-BI-10002794,"Avery Trapezoid Ring Binder, 3"" Capacity, Black, 1040 sheets",Office Supplies,Binders
TEC-AC-10003499,Memorex Mini Travel Drive 8 GB USB 2.0 Flash Drive,Technology,Accessories
TEC-PH-10002844,Speck Products Candyshell Flip Case,Technology,Phones
OFF-AR-10000390,Newell Chalk Holder,Office Supplies,Art
TEC-AC-10000844,Logitech Gaming G510s - Keyboard,Technology,Accessories
FUR-FU-10001934,Magnifier Swing Arm Lamp,Furniture,Furnishings
OFF-AR-10000380,"Hunt PowerHouse Electric Pencil Sharpener, Blue",Office Supplies,Art
OFF-BI-10003981,"Avery Durable Plastic 1"" Binders",Office Supplies,Binders
OFF-FA-10000621,"OIC Colored Binder Clips, Assorted Sizes",Office Supplies,Fasteners
OFF-EN-10002600,"Redi-Strip #10 Envelopes, 4 1/8 x 9 1/2",Office Supplies,Envelopes
OFF-PA-10004965,Xerox 1921,Office Supplies,Paper
OFF-EN-10002504,"Tyvek  Top-Opening Peel & Seel Envelopes, Plain White",Office Supplies,Envelopes
FUR-TA-10001768,Hon Racetrack Conference Tables,Furniture,Tables
OFF-BI-10003650,GBC DocuBind 300 Electric Binding Machine,Office Supplies,Binders
FUR-FU-10002157,Artistic Insta-Plaque,Furniture,Furnishings
OFF-ST-10000777,"Companion Letter/Legal File, Black",Office Supplies,Storage
OFF-EN-10002500,Globe Weis Peel & Seel First Class Envelopes,Office Supplies,Envelopes
TEC-PH-10003875,KLD Oscar II Style Snap-on Ultra Thin Side Flip Synthetic Leather Cover Case for HTC One HTC M7,Technology,Phones
FUR-CH-10004063,Global Deluxe High-Back Manager's Chair,Furniture,Chairs
FUR-TA-10004534,Bevis 44 x 96 Conference Tables,Furniture,Tables
OFF-BI-10003274,"Avery Durable Slant Ring Binders, No Labels",Office Supplies,Binders
OFF-ST-10002974,"Trav-L-File Heavy-Duty Shuttle II, Black",Office Supplies,Storage
FUR-CH-10001146,"Global Task Chair, Black",Furniture,Chairs
FUR-FU-10003773,Eldon Cleatmat Plus Chair Mats for High Pile Carpets,Furniture,Furnishings
TEC-PH-10002293,Anker 36W 4-Port USB Wall Charger Travel Power Adapter for iPhone 5s 5c 5,Technology,Phones
OFF-PA-10002377,Xerox 1916,Office Supplies,Paper
OFF-FA-10002780,Staples,Office Supplies,Fasteners
OFF-PA-10001804,Xerox 195,Office Supplies,Paper
OFF-PA-10001736,Xerox 1880,Office Supplies,Paper
OFF-AR-10001149,"Sanford Colorific Colored Pencils, 12/Box",Office Supplies,Art
OFF-FA-10002988,Ideal Clamps,Office Supplies,Fasteners
OFF-BI-10004781,GBC Wire Binding Strips,Office Supplies,Binders
OFF-SU-10001218,Fiskars Softgrip Scissors,Office Supplies,Supplies
OFF-AR-10000940,Newell 343,Office Supplies,Art
OFF-EN-10004030,Convenience Packs of Business Envelopes,Office Supplies,Envelopes
OFF-PA-10004327,Xerox 1911,Office Supplies,Paper
OFF-AP-10001058,Sanyo 2.5 Cubic Foot Mid-Size Office Refrigerators,Office Supplies,Appliances
FUR-FU-10000521,"Seth Thomas 14"" Putty-Colored Wall Clock",Furniture,Furnishings
TEC-PH-10000215,Plantronics Cordless Phone Headset with In-line Volume - M214C,Technology,Phones
TEC-PH-10001448,Anker Astro 15000mAh USB Portable Charger,Technology,Phones
OFF-BI-10002735,GBC Prestige Therm-A-Bind Covers,Office Supplies,Binders
OFF-AP-10000326,Belkin 7 Outlet SurgeMaster Surge Protector with Phone Protection,Office Supplies,Appliances
TEC-PH-10001254,Jabra BIZ 2300 Duo QD Duo Corded Headset,Technology,Phones
OFF-PA-10001950,Southworth 25% Cotton Antique Laid Paper & Envelopes,Office Supplies,Paper
OFF-PA-10002254,Xerox 1883,Office Supplies,Paper
OFF-ST-10001590,"Tenex Personal Project File with Scoop Front Design, Black",Office Supplies,Storage
OFF-AR-10001547,Newell 311,Office Supplies,Art
OFF-LA-10002475,Avery 519,Office Supplies,Labels
TEC-PH-10004536,Avaya 5420 Digital phone,Technology,Phones
OFF-PA-10002751,Xerox 1920,Office Supplies,Paper
TEC-AC-10003657,Lenovo 17-Key USB Numeric Keypad,Technology,Accessories
OFF-EN-10001990,Staple envelope,Office Supplies,Envelopes
OFF-BI-10004002,Wilson Jones International Size A4 Ring Binders,Office Supplies,Binders
OFF-AR-10004441,BIC Brite Liner Highlighters,Office Supplies,Art
TEC-MA-10000822,Lexmark MX611dhe Monochrome Laser Printer,Technology,Machines
OFF-ST-10000991,Space Solutions HD Industrial Steel Shelving.,Office Supplies,Storage
FUR-CH-10004287,SAFCO Arco Folding Chair,Furniture,Chairs
OFF-AR-10002656,Sanford Liquid Accent Highlighters,Office Supplies,Art
OFF-AP-10002518,Kensington 7 Outlet MasterPiece Power Center,Office Supplies,Appliances
TEC-PH-10003931,JBL Micro Wireless Portable Bluetooth Speaker,Technology,Phones
OFF-PA-10000659,"Adams Phone Message Book, Professional, 400 Message Capacity, 5 3/6 x 11",Office Supplies,Paper
OFF-PA-10001144,Xerox 1913,Office Supplies,Paper
FUR-CH-10003817,"Global Value Steno Chair, Gray",Furniture,Chairs
OFF-AP-10000891,Kensington 7 Outlet MasterPiece HOMEOFFICE Power Control Center,Office Supplies,Appliances
OFF-LA-10003148,Avery 51,Office Supplies,Labels
OFF-AP-10002684,"Acco 7-Outlet Masterpiece Power Center, Wihtout Fax/Phone Line Protection",Office Supplies,Appliances
FUR-CH-10004698,"Padded Folding Chairs, Black, 4/Carton",Furniture,Chairs
OFF-SU-10002189,Acme Rosewood Handle Letter Opener,Office Supplies,Supplies
OFF-AR-10001940,"Sanford Colorific Eraseable Coloring Pencils, 12 Count",Office Supplies,Art
OFF-ST-10003455,"Tenex File Box, Personal Filing Tote with Lid, Black",Office Supplies,Storage
TEC-AC-10004659,Imation Secure+ Hardware Encrypted USB 2.0 Flash Drive; 16GB,Technology,Accessories
TEC-PH-10003273,AT&T TR1909W,Technology,Phones
TEC-PH-10004896,Nokia Lumia 521 (T-Mobile),Technology,Phones
TEC-AC-10002345,HP Standard 104 key PS/2 Keyboard,Technology,Accessories
OFF-BI-10001890,Avery Poly Binder Pockets,Office Supplies,Binders
TEC-AC-10002323,SanDisk Ultra 32 GB MicroSDHC Class 10 Memory Card,Technology,Accessories
OFF-ST-10001328,"Personal Filing Tote with Lid, Black/Gray",Office Supplies,Storage
FUR-BO-10002613,"Atlantic Metals Mobile 4-Shelf Bookcases, Custom Colors",Furniture,Bookcases
TEC-PH-10001552,I Need's 3d Hello Kitty Hybrid Silicone Case Cover for HTC One X 4g with 3d Hello Kitty Stylus Pen Green/pink,Technology,Phones
OFF-PA-10000061,Xerox 205,Office Supplies,Paper
OFF-AR-10003514,4009 Highlighters by Sanford,Office Supplies,Art
OFF-AR-10004685,"Binney & Smith Crayola Metallic Colored Pencils, 8-Color Set",Office Supplies,Art
OFF-AR-10004027,"Binney & Smith inkTank Erasable Desk Highlighter, Chisel Tip, Yellow, 12/Box",Office Supplies,Art
OFF-ST-10001414,Decoflex Hanging Personal Folder File,Office Supplies,Storage
OFF-BI-10000343,"Pressboard Covers with Storage Hooks, 9 1/2"" x 11"", Light Blue",Office Supplies,Binders
OFF-PA-10002749,"Wirebound Message Books, 5-1/2 x 4 Forms, 2 or 4 Forms per Page",Office Supplies,Paper
OFF-PA-10002666,Southworth 25% Cotton Linen-Finish Paper & Envelopes,Office Supplies,Paper
FUR-TA-10004289,BoxOffice By Design Rectangular and Half-Moon Meeting Room Tables,Furniture,Tables
OFF-AP-10003622,"Bravo II Megaboss 12-Amp Hard Body Upright, Replacement Belts, 2 Belts per Pack",Office Supplies,Appliances
OFF-AP-10003217,Eureka Sanitaire  Commercial Upright,Office Supplies,Appliances
FUR-FU-10002960,"Eldon 200 Class Desk Accessories, Burgundy",Furniture,Furnishings
TEC-PH-10001918,Nortel Business Series Terminal T7208 Digital phone,Technology,Phones
OFF-ST-10000642,"Tennsco Lockers, Gray",Office Supplies,Storage
TEC-PH-10001700,Panasonic KX-TG6844B Expandable Digital Cordless Telephone,Technology,Phones
OFF-FA-10000134,"Advantus Push Pins, Aluminum Head",Office Supplies,Fasteners
OFF-ST-10001522,"Gould Plastics 18-Pocket Panel Bin, 34w x 5-1/4d x 20-1/2h",Office Supplies,Storage
TEC-AC-10001266,Memorex Micro Travel Drive 8 GB,Technology,Accessories
OFF-LA-10004544,Avery 505,Office Supplies,Labels
FUR-BO-10004695,O'Sullivan 2-Door Barrister Bookcase in Odessa Pine,Furniture,Bookcases
TEC-MA-10000864,Cisco 9971 IP Video Phone Charcoal,Technology,Machines
TEC-AC-10000109,Sony Micro Vault Click 16 GB USB 2.0 Flash Drive,Technology,Accessories
TEC-PH-10002563,Adtran 1202752G1,Technology,Phones
OFF-FA-10000585,OIC Bulk Pack Metal Binder Clips,Office Supplies,Fasteners
OFF-PA-10004000,"While You Were Out Pads, 50 per Pad, 4 x 5 1/4, Green Cycle",Office Supplies,Paper
FUR-FU-10000087,"Executive Impressions 14"" Two-Color Numerals Wall Clock",Furniture,Furnishings
TEC-MA-10001148,Swingline SM12-08 MicroCut Jam Free Shredder,Technology,Machines
OFF-AR-10001958,Stanley Bostitch Contemporary Electric Pencil Sharpeners,Office Supplies,Art
OFF-AR-10001026,"Sanford Uni-Blazer View Highlighters, Chisel Tip, Yellow",Office Supplies,Art
FUR-TA-10003748,Bevis 36 x 72 Conference Tables,Furniture,Tables
OFF-ST-10002485,Rogers Deluxe File Chest,Office Supplies,Storage
FUR-CH-10004860,Global Low Back Tilter Chair,Furniture,Chairs
FUR-CH-10004477,"Global Push Button Manager's Chair, Indigo",Furniture,Chairs
OFF-BI-10001679,GBC Instant Index System for Binding Systems,Office Supplies,Binders
FUR-TA-10001705,Bush Advantage Collection Round Conference Table,Furniture,Tables
FUR-TA-10003473,Bretford Rectangular Conference Table Tops,Furniture,Tables
FUR-FU-10004017,"Tenex Contemporary Contur Chairmats for Low and Medium Pile Carpet, Computer, 39"" x 49""",Furniture,Furnishings
TEC-AC-10003832,Logitech P710e Mobile Speakerphone,Technology,Accessories
OFF-PA-10002479,Xerox 4200 Series MultiUse Premium Copy Paper (20Lb. and 84 Bright),Office Supplies,Paper
OFF-PA-10003349,Xerox 1957,Office Supplies,Paper
FUR-FU-10000576,Luxo Professional Fluorescent Magnifier Lamp with Clamp-Mount Base,Furniture,Furnishings
FUR-FU-10004351,Staple-based wall hangings,Furniture,Furnishings
TEC-PH-10000011,PureGear Roll-On Screen Protector,Technology,Phones
FUR-TA-10002607,KI Conference Tables,Furniture,Tables
FUR-FU-10002505,Eldon 100 Class Desk Accessories,Furniture,Furnishings
OFF-ST-10002276,Safco Steel Mobile File Cart,Office Supplies,Storage
OFF-PA-10004082,"Adams Telephone Message Book w/Frequently-Called Numbers Space, 400 Messages per Book",Office Supplies,Paper
OFF-AP-10002945,Honeywell Enviracaire Portable HEPA Air Cleaner for 17' x 22' Room,Office Supplies,Appliances
FUR-CH-10002965,"Global Leather Highback Executive Chair with Pneumatic Height Adjustment, Black",Furniture,Chairs
OFF-PA-10004569,"Wirebound Message Books, Two 4 1/4"" x 5"" Forms per Page",Office Supplies,Paper
OFF-ST-10001228,"Fellowes Personal Hanging Folder Files, Navy",Office Supplies,Storage
OFF-EN-10003296,Tyvek Side-Opening Peel & Seel Expanding Envelopes,Office Supplies,Envelopes
OFF-ST-10004804,"Belkin 19"" Vented Equipment Shelf, Black",Office Supplies,Storage
TEC-PH-10001580,Logitech Mobile Speakerphone P710e - speaker phone,Technology,Phones
TEC-AC-10000290,Sabrent 4-Port USB 2.0 Hub,Technology,Accessories
OFF-ST-10002790,Safco Industrial Shelving,Office Supplies,Storage
OFF-BI-10003460,Acco 3-Hole Punch,Office Supplies,Binders
OFF-AP-10002203,Eureka Disposable Bags for Sanitaire Vibra Groomer I Upright Vac,Office Supplies,Appliances
TEC-MA-10003353,Xerox WorkCentre 6505DN Laser Multifunction Printer,Technology,Machines
TEC-PH-10001433,Cisco Small Business SPA 502G VoIP phone,Technology,Phones
TEC-AC-10004469,Microsoft Sculpt Comfort Mouse,Technology,Accessories
OFF-AR-10003602,"Quartet Omega Colored Chalk, 12/Pack",Office Supplies,Art
OFF-FA-10003472,Bagged Rubber Bands,Office Supplies,Fasteners
OFF-ST-10004180,Safco Commercial Shelving,Office Supplies,Storage
OFF-EN-10004386,"Recycled Interoffice Envelopes with String and Button Closure, 10 x 13",Office Supplies,Envelopes
OFF-ST-10003208,Adjustable Depth Letter/Legal Cart,Office Supplies,Storage
TEC-AC-10003628,Logitech 910-002974 M325 Wireless Mouse for Web Scrolling,Technology,Accessories
FUR-FU-10003274,Regeneration Desk Collection,Furniture,Furnishings
OFF-BI-10002557,Presstex Flexible Ring Binders,Office Supplies,Binders
OFF-PA-10002615,"Ampad Gold Fibre Wirebound Steno Books, 6"" x 9"", Gregg Ruled",Office Supplies,Paper
OFF-AR-10001427,Newell 330,Office Supplies,Art
OFF-PA-10000673,"Post-it Important Message Note Pad, Neon Colors, 50 Sheets/Pad",Office Supplies,Paper
OFF-PA-10004470,"Adams Write n' Stick Phone Message Book, 11"" X 5 1/4"", 200 Messages",Office Supplies,Paper
OFF-ST-10000876,Eldon Simplefile Box Office,Office Supplies,Storage
OFF-LA-10002043,Avery 489,Office Supplies,Labels
OFF-BI-10004967,Round Ring Binders,Office Supplies,Binders
TEC-PH-10001760,Bose SoundLink Bluetooth Speaker,Technology,Phones
FUR-TA-10002903,"Bevis Round Bullnose 29"" High Table Top",Furniture,Tables
OFF-PA-10000474,Easy-staple paper,Office Supplies,Paper
TEC-AC-10001956,Microsoft Arc Touch Mouse,Technology,Accessories
OFF-PA-10004100,Xerox 216,Office Supplies,Paper
OFF-BI-10000778,GBC VeloBinder Electric Binding Machine,Office Supplies,Binders
OFF-SU-10000646,Premier Automatic Letter Opener,Office Supplies,Supplies
OFF-FA-10002983,Advantus SlideClip Paper Clips,Office Supplies,Fasteners
OFF-LA-10004689,Avery 512,Office Supplies,Labels
TEC-AC-10002001,Logitech Wireless Gaming Headset G930,Technology,Accessories
FUR-BO-10004709,"Bush Westfield Collection Bookcases, Medium Cherry Finish",Furniture,Bookcases
FUR-FU-10004091,"Howard Miller 13"" Diameter Goldtone Round Wall Clock",Furniture,Furnishings
FUR-CH-10001891,Global Deluxe Office Fabric Chairs,Furniture,Chairs
FUR-FU-10002918,Eldon ClusterMat Chair Mat with Cordless Antistatic Protection,Furniture,Furnishings
OFF-BI-10004593,Ibico Laser Imprintable Binding System Covers,Office Supplies,Binders
OFF-FA-10004854,"Vinyl Coated Wire Paper Clips in Organizer Box, 800/Box",Office Supplies,Fasteners
OFF-PA-10002105,Xerox 223,Office Supplies,Paper
OFF-ST-10002756,"Tennsco Stur-D-Stor Boltless Shelving, 5 Shelves, 24"" Deep, Sand",Office Supplies,Storage
OFF-PA-10004243,Xerox 1939,Office Supplies,Paper
FUR-FU-10001861,"Floodlight Indoor Halogen Bulbs, 1 Bulb per Pack, 60 Watts",Furniture,Furnishings
OFF-BI-10002706,Avery Premier Heavy-Duty Binder with Round Locking Rings,Office Supplies,Binders
FUR-TA-10002533,BPI Conference Tables,Furniture,Tables
FUR-FU-10002671,Electrix 20W Halogen Replacement Bulb for Zoom-In Desk Lamp,Furniture,Furnishings
OFF-AR-10003651,Newell 350,Office Supplies,Art
OFF-BI-10001072,"GBC Clear Cover, 8-1/2 x 11, unpunched, 25 covers per pack",Office Supplies,Binders
OFF-AR-10002135,Boston Heavy-Duty Trimline Electric Pencil Sharpeners,Office Supplies,Art
OFF-AR-10002804,Faber Castell Col-Erase Pencils,Office Supplies,Art
FUR-FU-10001918,C-Line Cubicle Keepers Polyproplyene Holder With Velcro Backings,Furniture,Furnishings
FUR-CH-10004086,Hon 4070 Series Pagoda Armless Upholstered Stacking Chairs,Furniture,Chairs
FUR-FU-10001756,"Eldon Expressions Desk Accessory, Wood Photo Frame, Mahogany",Furniture,Furnishings
OFF-LA-10000634,Avery 509,Office Supplies,Labels
FUR-FU-10001588,"Deflect-o SuperTray Unbreakable Stackable Tray, Letter, Black",Furniture,Furnishings
TEC-PH-10002398,AT&T 1070 Corded Phone,Technology,Phones
OFF-PA-10001937,Xerox 21,Office Supplies,Paper
OFF-AR-10003373,"Boston School Pro Electric Pencil Sharpener, 1670",Office Supplies,Art
FUR-CH-10002602,DMI Arturo Collection Mission-style Design Wood Chair,Furniture,Chairs
TEC-MA-10002927,Canon imageCLASS MF7460 Monochrome Digital Laser Multifunction Copier,Technology,Machines
TEC-AC-10000892,NETGEAR N750 Dual Band Wi-Fi Gigabit Router,Technology,Accessories
OFF-FA-10000624,OIC Binder Clips,Office Supplies,Fasteners
TEC-AC-10001908,Logitech Wireless Headset h800,Technology,Accessories
FUR-FU-10001967,Telescoping Adjustable Floor Lamp,Furniture,Furnishings
TEC-PH-10003645,Aastra 57i VoIP phone,Technology,Phones
OFF-ST-10000675,"File Shuttle II and Handi-File, Black",Office Supplies,Storage
FUR-CH-10003312,Hon 2090 Pillow Soft Series Mid Back Swivel/Tilt Chairs,Furniture,Chairs
OFF-LA-10001074,Round Specialty Laser Printer Labels,Office Supplies,Labels
OFF-BI-10001524,GBC Premium Transparent Covers with Diagonal Lined Pattern,Office Supplies,Binders
TEC-PH-10004614,AT&T 841000 Phone,Technology,Phones
OFF-BI-10001153,Ibico Recycled Grain-Textured Covers,Office Supplies,Binders
OFF-BI-10001982,Wilson Jones Custom Binder Spines & Labels,Office Supplies,Binders
OFF-BI-10001922,Storex Dura Pro Binders,Office Supplies,Binders
TEC-CO-10001449,Hewlett Packard LaserJet 3310 Copier,Technology,Copiers
OFF-BI-10004140,Avery Non-Stick Binders,Office Supplies,Binders
OFF-BI-10003314,Tuff Stuff Recycled Round Ring Binders,Office Supplies,Binders
FUR-TA-10004575,Hon 5100 Series Wood Tables,Furniture,Tables
OFF-FA-10000490,"OIC Binder Clips, Mini, 1/4"" Capacity, Black",Office Supplies,Fasteners
OFF-AR-10000122,Newell 314,Office Supplies,Art
TEC-PH-10000702,"Square Credit Card Reader, 4 1/2"" x 4 1/2"" x 1"", White",Technology,Phones
OFF-AR-10001374,"BIC Brite Liner Highlighters, Chisel Tip",Office Supplies,Art
OFF-PA-10001970,Xerox 1881,Office Supplies,Paper
OFF-BI-10002160,Acco Hanging Data Binders,Office Supplies,Binders
OFF-BI-10004995,GBC DocuBind P400 Electric Binding System,Office Supplies,Binders
FUR-BO-10002268,Sauder Barrister Bookcases,Furniture,Bookcases
OFF-EN-10001137,"#10 Gummed Flap White Envelopes, 100/Box",Office Supplies,Envelopes
OFF-AR-10002399,"Dixon Prang Watercolor Pencils, 10-Color Set with Brush",Office Supplies,Art
OFF-PA-10002713,"Adams Phone Message Book, 200 Message Capacity, 8 1/16 x 11",Office Supplies,Paper
OFF-AP-10001124,Belkin 8 Outlet SurgeMaster II Gold Surge Protector with Phone Protection,Office Supplies,Appliances
OFF-LA-10001158,"Avery Address/Shipping Labels for Typewriters, 4"" x 2""",Office Supplies,Labels
FUR-CH-10000785,Global Ergonomic Managers Chair,Furniture,Chairs
OFF-AR-10003732,Newell 333,Office Supplies,Art
FUR-FU-10000023,Eldon Wave Desk Accessories,Furniture,Furnishings
OFF-BI-10002412,Wilson Jones Snap Scratch Pad Binder Tool for Ring Binders,Office Supplies,Binders
OFF-SU-10001225,Staple remover,Office Supplies,Supplies
OFF-ST-10002406,Pizazz Global Quick File,Office Supplies,Storage
OFF-PA-10002036,Xerox 1930,Office Supplies,Paper
OFF-ST-10002205,File Shuttle I and Handi-File,Office Supplies,Storage
TEC-AC-10003911,NETGEAR AC1750 Dual Band Gigabit Smart WiFi Router,Technology,Accessories
OFF-AR-10000658,Newell 324,Office Supplies,Art
TEC-AC-10002076,Microsoft Natural Keyboard Elite,Technology,Accessories
OFF-PA-10003039,Xerox 1960,Office Supplies,Paper
FUR-TA-10004915,"Office Impressions End Table, 20-1/2""H x 24""W x 20""D",Furniture,Tables
OFF-AP-10000696,Holmes Odor Grabber,Office Supplies,Appliances
OFF-ST-10003327,Akro-Mils 12-Gallon Tote,Office Supplies,Storage
OFF-BI-10000309,"GBC Twin Loop Wire Binding Elements, 9/16"" Spine, Black",Office Supplies,Binders
OFF-PA-10004734,Southworth Structures Collection,Office Supplies,Paper
OFF-BI-10002225,"Square Ring Data Binders, Rigid 75 Pt. Covers, 11"" x 14-7/8""",Office Supplies,Binders
TEC-AC-10004708,Sony 32GB Class 10 Micro SDHC R40 Memory Card,Technology,Accessories
FUR-TA-10000617,"Hon Practical Foundations 30 x 60 Training Table, Light Gray/Charcoal",Furniture,Tables
TEC-AC-10002335,Logitech Media Keyboard K200,Technology,Accessories
TEC-MA-10001681,Lexmark MarkNet N8150 Wireless Print Server,Technology,Machines
FUR-FU-10001935,3M Hangers With Command Adhesive,Furniture,Furnishings
OFF-AR-10004757,Crayola Colored Pencils,Office Supplies,Art
OFF-BI-10000050,"Angle-D Binders with Locking Rings, Label Holders",Office Supplies,Binders
TEC-PH-10003012,Nortel Meridian M3904 Professional Digital phone,Technology,Phones
TEC-CO-10002313,Canon PC1080F Personal Copier,Technology,Copiers
OFF-BI-10003982,Wilson Jones Century Plastic Molded Ring Binders,Office Supplies,Binders
OFF-BI-10004492,Tuf-Vin Binders,Office Supplies,Binders
OFF-ST-10000798,2300 Heavy-Duty Transfer File Systems by Perma,Office Supplies,Storage
OFF-PA-10002552,Xerox 1958,Office Supplies,Paper
OFF-SU-10002573,"Acme 10"" Easy Grip Assistive Scissors",Office Supplies,Supplies
OFF-ST-10001580,Super Decoflex Portable Personal File,Office Supplies,Storage
OFF-ST-10000934,"Contico 72""H Heavy-Duty Storage System",Office Supplies,Storage
TEC-AC-10000158,Sony 64GB Class 10 Micro SDHC R40 Memory Card,Technology,Accessories
OFF-PA-10001947,Xerox 1974,Office Supplies,Paper
OFF-AR-10003478,"Avery Hi-Liter EverBold Pen Style Fluorescent Highlighters, 4/Pack",Office Supplies,Art
OFF-AP-10004249,Staple holder,Office Supplies,Appliances
TEC-CO-10004115,Sharp AL-1530CS Digital Copier,Technology,Copiers
OFF-PA-10003724,"Wirebound Message Book, 4 per Page",Office Supplies,Paper
FUR-TA-10002041,"Bevis Round Conference Table Top, X-Base",Furniture,Tables
OFF-PA-10002893,"Wirebound Service Call Books, 5 1/2"" x 4""",Office Supplies,Paper
OFF-LA-10003766,Self-Adhesive Removable Labels,Office Supplies,Labels
OFF-PA-10001970,Xerox 1908,Office Supplies,Paper
FUR-BO-10001972,O'Sullivan 4-Shelf Bookcase in Odessa Pine,Furniture,Bookcases
FUR-CH-10003956,Novimex High-Tech Fabric Mesh Task Chair,Furniture,Chairs
OFF-PA-10000157,Xerox 191,Office Supplies,Paper
OFF-AR-10004344,Bulldog Vacuum Base Pencil Sharpener,Office Supplies,Art
FUR-CH-10004886,Bevis Steel Folding Chairs,Furniture,Chairs
OFF-PA-10003845,Xerox 1987,Office Supplies,Paper
OFF-AR-10001573,American Pencil,Office Supplies,Art
OFF-EN-10000483,"White Envelopes, White Envelopes with Clear Poly Window",Office Supplies,Envelopes
TEC-AC-10004114,KeyTronic 6101 Series - Keyboard - Black,Technology,Accessories
FUR-FU-10004712,"Westinghouse Mesh Shade Clip-On Gooseneck Lamp, Black",Furniture,Furnishings
OFF-ST-10000918,Crate-A-Files,Office Supplies,Storage
FUR-CH-10000015,Hon Multipurpose Stacking Arm Chairs,Furniture,Chairs
FUR-FU-10003347,Coloredge Poster Frame,Furniture,Furnishings
OFF-BI-10001543,GBC VeloBinder Manual Binding System,Office Supplies,Binders
TEC-MA-10000029,"Epson WorkForce WF-2530 All-in-One Printer, Copier Scanner",Technology,Machines
OFF-AR-10000369,Design Ebony Sketching Pencil,Office Supplies,Art
OFF-BI-10004584,GBC ProClick 150 Presentation Binding System,Office Supplies,Binders
OFF-ST-10000617,Woodgrain Magazine Files by Perma,Office Supplies,Storage
OFF-ST-10003306,Letter Size Cart,Office Supplies,Storage
OFF-BI-10000773,Insertable Tab Post Binder Dividers,Office Supplies,Binders
TEC-AC-10002600,Belkin QODE FastFit Bluetooth Keyboard,Technology,Accessories
TEC-MA-10002937,"Canon Color ImageCLASS MF8580Cdw Wireless Laser All-In-One Printer, Copier, Scanner",Technology,Machines
OFF-PA-10002230,Xerox 1897,Office Supplies,Paper
FUR-CH-10003396,Global Deluxe Steno Chair,Furniture,Chairs
FUR-FU-10000246,Aluminum Document Frame,Furniture,Furnishings
OFF-ST-10000060,Fellowes Bankers Box Staxonsteel Drawer File/Stacking System,Office Supplies,Storage
OFF-ST-10003058,Eldon Mobile Mega Data Cart  Mega Stackable  Add-On Trays,Office Supplies,Storage
OFF-PA-10002222,"Xerox Color Copier Paper, 11"" x 17"", Ream",Office Supplies,Paper
FUR-CH-10002372,Office Star - Ergonomically Designed Knee Chair,Furniture,Chairs
OFF-LA-10001317,Avery 520,Office Supplies,Labels
FUR-FU-10000206,"GE General Purpose, Extra Long Life, Showcase & Floodlight Incandescent Bulbs",Furniture,Furnishings
OFF-AR-10000588,Newell 345,Office Supplies,Art
OFF-ST-10001469,Fellowes Bankers Box Recycled Super Stor/Drawer,Office Supplies,Storage
OFF-AR-10001953,Boston 1645 Deluxe Heavier-Duty Electric Pencil Sharpener,Office Supplies,Art
OFF-AR-10003156,50 Colored Long Pencils,Office Supplies,Art
OFF-AR-10004974,Newell 342,Office Supplies,Art
TEC-PH-10002365,Belkin Grip Candy Sheer Case / Cover for iPhone 5 and 5S,Technology,Phones
OFF-ST-10000142,Deluxe Rollaway Locking File with Drawer,Office Supplies,Storage
TEC-AC-10001772,Memorex Mini Travel Drive 16 GB USB 2.0 Flash Drive,Technology,Accessories
FUR-CH-10000225,"Global Geo Office Task Chair, Gray",Furniture,Chairs
FUR-CH-10002331,Hon 4700 Series Mobuis Mid-Back Task Chairs with Adjustable Arms,Furniture,Chairs
OFF-EN-10001415,Staple envelope,Office Supplies,Envelopes
OFF-AP-10002472,3M Office Air Cleaner,Office Supplies,Appliances
TEC-AC-10004571,Logitech G700s Rechargeable Gaming Mouse,Technology,Accessories
OFF-BI-10001098,Acco D-Ring Binder w/DublLock,Office Supplies,Binders
FUR-TA-10001889,Bush Advantage Collection Racetrack Conference Table,Furniture,Tables
OFF-BI-10000315,Poly Designer Cover & Back,Office Supplies,Binders
OFF-SU-10003505,Premier Electric Letter Opener,Office Supplies,Supplies
OFF-AP-10002578,"Fellowes Premier Superior Surge Suppressor, 10-Outlet, With Phone and Remote",Office Supplies,Appliances
FUR-BO-10002824,Bush Mission Pointe Library,Furniture,Bookcases
OFF-BI-10002194,Cardinal Hold-It CD Pocket,Office Supplies,Binders
OFF-PA-10004071,"Eaton Premium Continuous-Feed Paper, 25% Cotton, Letter Size, White, 1000 Shts/Box",Office Supplies,Paper
OFF-ST-10002743,SAFCO Boltless Steel Shelving,Office Supplies,Storage
FUR-BO-10001601,"Sauder Mission Library with Doors, Fruitwood Finish",Furniture,Bookcases
TEC-PH-10002680,Samsung Galaxy Note 3,Technology,Phones
OFF-ST-10001321,"Decoflex Hanging Personal Folder File, Blue",Office Supplies,Storage
OFF-PA-10001509,"Recycled Desk Saver Line ""While You Were Out"" Book, 5 1/2"" X 4""",Office Supplies,Paper
OFF-PA-10003465,Xerox 1912,Office Supplies,Paper
TEC-PH-10000149,Cisco SPA525G2 IP Phone - Wireless,Technology,Phones
OFF-AR-10003045,Prang Colored Pencils,Office Supplies,Art
OFF-ST-10000689,"Fellowes Strictly Business Drawer File, Letter/Legal Size",Office Supplies,Storage
TEC-AC-10001445,Imation USB 2.0 Swivel Flash Drive USB flash drive - 4 GB - Pink,Technology,Accessories
TEC-AC-10002567,Logitech G602 Wireless Gaming Mouse,Technology,Accessories
OFF-LA-10003923,Alphabetical Labels for Top Tab Filing,Office Supplies,Labels
FUR-BO-10001337,O'Sullivan Living Dimensions 2-Shelf Bookcases,Furniture,Bookcases
TEC-PH-10001924,iHome FM Clock Radio with Lightning Dock,Technology,Phones
TEC-PH-10001363,Apple iPhone 5S,Technology,Phones
TEC-PH-10000376,Square Credit Card Reader,Technology,Phones
TEC-AC-10000303,Logitech M510 Wireless Mouse,Technology,Accessories
OFF-ST-10001809,Fellowes Officeware Wire Shelving,Office Supplies,Storage
OFF-EN-10003845,Colored Envelopes,Office Supplies,Envelopes
TEC-AC-10000991,Sony Micro Vault Click 8 GB USB 2.0 Flash Drive,Technology,Accessories
FUR-TA-10001857,Balt Solid Wood Rectangular Table,Furniture,Tables
OFF-EN-10001434,"Strathmore #10 Envelopes, Ultimate White",Office Supplies,Envelopes
OFF-BI-10002498,Clear Mylar Reinforcing Strips,Office Supplies,Binders
FUR-FU-10004864,"Howard Miller 14-1/2"" Diameter Chrome Round Wall Clock",Furniture,Furnishings
FUR-FU-10000073,Deflect-O Glasstique Clear Desk Accessories,Furniture,Furnishings
